var,peak_tail
K93R,0.98188281
D119H,0.95922436
P141L,0.98446084
D144V,0.82646281
R148W,0.60715264
R181Q,0.90801841
A190T,0.85155984
A233S,1.096209
G236V,1.016064
R328C,0.73017025
P347S,1.292769
A448S,0.62995969
V491I,0.822649
R791W,0.83759104
G873S,1.225449
R885C,1.028196
R892C,0.82210489
K897T,1.394761
G903R,0.59459521
P910L,0.74736025
A913V,0.60171049
P967L,1.297321
E978K,1.065024
S981G,0.87254281
T983I,0.868624
G1036D,0.70509609
V1038M,0.72131049
L1045F,0.86062729
R1047L,0.952576
T1146S,0.87478609
